1	http://bola.kompas.com/read/2016/05/12/09290078/Hiddink.Puas.dengan.Penampilan.Chelsea	12 Mei 2016	"Hiddink Puas dengan Penampilan Chelsea. Liverpool, KOMPAS.com - Manajer Chelsea, Guus Hiddink, memuji penampilan anak asuhnya saat melawan Liverpool di stadion Anfield, Rabu (11/5/2016) atau Kamis dini hari WIB. Laga tersebut berakhir imbang 1-1. The Blues sempat unggul terlebih dulu berkat gol spektakuler Eden Hazard pada menit ke-32. Namun, kemenangan Chelsea yang sudah di depan mata harus buyar setelah kiper Asmir Begovic melakukan kesalahan fatal pada masa injury time. Begovic tak sempurna menepis bola dari umpan silang Sheyi Ojo sehingga Christian Benteke berhasil memanfaatkan kesalahan tersebut menjadi gol penyama kedudukan. ""Tentu saja mengecewakan kemasukan pada menit akhir, tetapi saya bisa katakan Chelsea tampil sempurna malam ini. Kami bertahan dengan baik. Kami juga menyerang dengan baik, salah satunya berujung gol indah Hazard,"" kata Hiddink seperti dikutip dari situs resmi klub. ""Setelah itu, kami memiliki peluang mencetak gol kedua. Namun, kami gagal memanfaatkan 2-3 peluang terbuka pada babak kedua. Secara umum, saya sangat puas dengan penampilan tim,"" tutur Hiddink. Dalam kesempatan itu, Hiddink juga memuji penampilan apik Hazard. Hiddink mengaku yakin Hazard akan kembali menemukan permainan terbaiknya. ""Dia merasakan musim yang sulit. Dia sering mengalami cedera dan hal tersebut membuat dia rentan secara fisik,"" kata Hiddink mengomentari pemain asal Belgia itu. ""Pada pekan lalu, Hazard menjalani program untuk mengembalikan kebugarannya. Dia terus berupaya menemukan permaianan terbaiknya dan Anda bisa melihat hasilnya,"" ujarnya. "
2	http://bola.kompas.com/read/2016/05/10/20161558/Akhirnya.Menpora.Cabut.Pembekuan.PSSI	10 Mei 2016	"Akhirnya Menpora Cabut Pembekuan PSSI. JAKARTA, KOMPAS.com — Menteri Pemuda dan Olahraga (Menpora) Imam Nahrawi akhirnya menandatangani surat keputusan (SK) pencabutan pembekuan PSSI. Hal itu dilakukan politisi PKB tersebut pada Selasa (10/5/2016) petang WIB. Imam, yang sebelum mengumumkan pencabutan pembekuan PSSI ini menahan napas, akhirnya mengungkapkan keputusan terbarunya. ""Saya baru saja menandatangani SK pembekuan PSSI. Saya cabut surat yang pernah saya keluarkan,"" kata Imam Nahrawi di Kantor Kemenpora. ""Ini semata-mata demi menghormati MK (Mahkamah Konstitusi), menghargai komitmen FIFA, seperti yang sudah disuratkan Mensesneg (Menteri Sekretaris Negara Pratikno). Surat itu berupa sebuah komitmen besar untuk reformasi sepak bola Indonesia,"" lanjutnya. Imam Nahrawi juga mengatakan, keputusan ini juga untuk menghormati voters dalam melakukan perubahan internal federasi. ""Ini karena kami pantas untuk mengawal dan mengawasi itu lalu memastikan bahwa rencana perubahan itu sesuai aturan. Ya, aturan FIFA, AFC, ataupun federasi (PSSI),"" ucap Imam. Sebelumnya, Pemerintah Indonesia melalui Kementerian Pemuda dan Olahraga (Kemenpora) menjatuhkan hukuman kepada PSSI per 17 April 2015. Sejak tanggal itu, semua aktivitas PSSI tidak diakui. SK pembekuan bernomor 01307 dengan tahun 2015 tersebut dirilis Kemenpora pada Sabtu (18/4/2015). Menpora menandatangani SK itu sehari sebelum pembekuan itu diumumkan. Efek dari pembekuan itu, FIFA menilai, PSSI diintervensi oleh pemerintah. FIFA kemudian menjatuhkan sanksi untuk Indonesia per 30 Mei 2015. "
3	http://inet.detik.com/read/2016/05/12/092643/3208494/319/logo-baru-instagram-tuai-cibiran	12 Mei 2016	"Logo Baru Instagram Tuai Cibiran. Jakarta - Tak semua suka dengan perubahan logo Instagram. Dari logo kamera ikoniknya itu, sekarang berubah minimalis dengan warna cerah perpaduan ungu, pink, orange serta kuning. Perubahan drastis dan mendadak itu menimbulkan pro dan kontra di kalangan penggunan Instagram. Rupanya lumayan banyak yang menyayangkan mengapa logo Instagram harus berubah total. ""Sori Instagram, tapi logo baru ini jelek. Kenapa harus mengubah sesuatu yang sudah bagus? Logo lamamu sudah keren,"" tulis pengguna Twitter bernama Elizabeth Rostan. ""Logo baru Instagram sangatlah jelek. Mereka bodoh karena telah mengubahnya,"" tulis pengguna Twitter yang lain, menyuarakan ketidaksenangannya terhadap logo baru Instagram. Tak hanya netizen yang menyuarakan ketidakpuasannya, tapi juga dari pakar desain. ""Mungkin perubahan ini akan menjadi salah satu kegagalan desain terbesar di tahun ini,"" kata Tim Nudd, editor kreatif di majalah Adweek yang detikINET kutip dari Wall Street Journal. ""Logo baru ini sangat mudah dilupakan yang akan hilang di ponsel, di antara desain kebanyakan aplikasi teknologi lain yang juga tidak menginspirasi. Bisakah kita mengubahnya seperti dulu lagi?"" tambah dia. Seperti diberitakan, menurut Head of Design Instagram Ian Spalter, alasan pihaknya mengganti logo untuk pertama kalinya dalam jangka lima tahun ini tak lain untuk menghadirkan desain yang lebih sesuai dengan estetika pengguna aplikasi. ""Logo dan desain Intsagram mulai terasa..tidak merefleksikan komunitas. Dan jujur kami merasa kami bisa membuatnya jadi lebih baik,"" tutur Spalter. Perubahan tak hanya terjadi pada logo, tapi juga tampilan antar muka di dalam Instagram. Di mana kini tampilan dalam diberi warna monochrome, perpaduan hitam dan putih. Sementara untuk notifikasinya diubah dari warna oranye ke warna merah."
4	http://inet.detik.com/read/2016/05/12/101928/3208549/328/xl-perluas-jangkauan-4g-lte-di-yogyakarta	12 Mei 2016	"XL Perluas Jangkauan 4G LTE di Yogyakarta. Yogyakarta - Penggunaan data warga Yogyakarta kian meningkat. Menyadari hal tersebut, XL Axiata melakukan perluasan cakupan layanan 4G LTE di Kota Gudeg. Peresmian peningkatan kualitas layanan 4G ini dilangsungkan di halaman Candi Prambanan pada Rabu malam (11/5/2016). Acara tersebut dihadir Asisten 2 Gubernur Daerah Istimewa Yogyakarta Gatot Saptadi, Walikota Yogyakarta Haryadi Suyuti dan CEO XL Axiata Dian Siswarini. Dalam kata sambutannya Dian Siswarini mengatakan Yogyakarta merupakan tempat istimewa bagi pihaknya. Daerah ini menjadi miniatur Indonesia karena banyak pelajar dari berbagai wilayah di tanah air. ""Melayani Yogya seperti melayani seluruh penduduk Indonesia,"" ujar Dian. Selain alasan itu, penggunaan data di Yogyakarta juga terbilang tinggi. Pada masa Ramadan dan mudik lebaran misalnya, bila daerah lain hanya trafik data meningkat 40-50%, di Yogyakarta bisa mencapai 100%. Untuk itu mereka melakukan perluasan kapasitas dan meningkatkan kecepatan 4G LTE. XL kini mempergunakan frekuensi 1.800 MHz sepanjang 15 MHz untuk mengelar layanan internet di jaringan generasi keempat di Yogyakarta. Dijelaskan Dian layanan 4G LTE XL hadir di Yogyakarta pada 2014 silam. Kala itu operator yang identik berwarna biru itu mempergunakan frekuensi 900 MHz. Setelah pemerintah melakukan penataan ulang frekuensi 1800 MHz dan memberikan izin penggunaan frekuensi tersebut untuk layanan internet cepat 4G LTE sekitar Oktober 2015, barulah XL menerapkan frekuensi 1800 MHz di Yogyakarta pada Mei ini. ""Layanan 4G LTE di Yoyakarta kini meng-cover wilayah yang lebih luas dari sebelumnya. Selain area di dalam wilayah Kota Yogyakarta, 4G LTE mencakup wilayah Mlati, Depok, Sewon, Kotagede, Gamping, Kaliurang, Sedayu, dan Pathuk,"" papar wanita berkacamata ini. XL sendiri telah mengoperasikan 215 BTS 4G yang tersebar di berbagai area di dalam kota Yogyakarta dan sekitarnya. Infrastruktur tersebut akan menopang layanan untuk sekitar 627 ribu pelanggan data. Operator yang identik berwarna biru ini akan menambah kembali jumlahnya hingga akhir tahun ini. Alhasil makin dapat mengkoneksikan 1,9 juta pelanggan XL di Yogyakarta"
5	http://www.merdeka.com/jakarta/deretan-pelanggaran-pengembang-di-proyek-reklamasi-pantai-jakarta.html	12 Mei 2016	"Deretan pelanggaran pengembang di proyek reklamasi Pantai Jakarta. Merdeka.com - Kementerian Lingkungan Hidup dan Kehutanan hari ini mengeluarkan Surat Keputusan bagi para pengembang proyek reklamasi di pantai utara Jakarta. Masing-masing pengembang diberikan SK yang harus dilakukan oleh para pengembang selama moratorium. Pada PT Kapuk Naga Indah, KLHK memberikan SK No. 354/Menlhk/Setjen/Kum.9/5/2016. Dalam SK tersebut ada beberapa hal yang harus dipenuhi selama moratorium. Pertama, mengenakan sanksi administratif paksaan pemerintah berupa penghentian sementara seluruh kegiatan reklamasi. Sebab, PT. KNI dinilai melakukan pelanggaran izin lingkungan. ""Material pasir melebihi kapasitas. Yang tercantum dalam izin sebesar 20.900.000 m3. Sementara kapasitas yang digunakan sebesar 23.789.861 m3,"" kata Dirjen Penegakan Hukum KLHK, Rasio Rido Sani di Pulau C dan pulau D, Jakarta Utara, Rabu (11/9). Tak hanya itu, PT. KNI juga tidak menjelaskan secara rinci sumber dan jumlah material pasir dan batu yang digunakan untuk kegiatan reklamasi. Sebab, ada perbedaan antara perusahaan penyedia pasir yang ada di dalam dokumen dengan fakta di lapangan. ""Melaksanakan reklamasi Pulau D dan Pulau C tidak sesuai dengan urutan yang seharusnya. Tidak membuat outlate channel yang memisahkan antara kedua pulau,"" kata Rido melanjutkan. Kementerian LHK juga menemukan adanya pendangkalan di sekitar area reklamasi kedua pulau tersebut. Selain itu, penggunaan batu gunung untuk membangun turap penahan gelombang di sisi utara dan sebagian timur. Padahal seharusnya menggunakan tetrapod. Untuk itu, KLHK meminta PT. KNI untuk melakukan perubahan dokumen dan izin lingkungan maksimal dalam waktu 120 hari. Melakukan pembatalan rencana kegiatan reklamasi Pulau E. Tak hanya itu ada bebarapa tenggat waktu yang juga harus diselesaikan oleh PT. KNI. ""Memperbaiki pengelolaan pasir urug agar tidak terlepas ke perairan pling lama 30 hari kalender. Memberikan data rinci terkait berbagai material reklamasi dan menyampaikan pengamatan serta pencatatan lapangan tentang tanah merah dalam lapran pelaksanaan RKL-RPL paling lama 14 hari kalender,"" tutur Rasio. Tak hanya itu, PT. KNI juga harus melakukan pengerukan pendangkalan di sekitar areal reklamasi paling lama 90 hari dan menggunakan beton tetrapod untuk membangun turap penahan gelombang. Serta melakuan kewajiban lainnya yang tercantum di dalam izin lingkungan paling lama 30 hari."
6	http://www.merdeka.com/jakarta/kementerian-lhk-minta-amdal-reklamasi-teluk-jakarta-dibuat-lengkap.html	11 Mei 2016	"Kementerian LHK minta amdal reklamasi teluk Jakarta dibuat lengkap. Merdeka.com - Kementerian Lingkungan Hidup dan Kehutanan hari ini memberikan Surat Keputusan moratorium terhadap proyek reklamasi di Pulau C, Pulau D dan Pulau G. Moratorium tersebut berisi beberapa perintah yang harus dipenuhi para pengembang terkait amdal proyek reklamasi pulau di pantai utara Jakarta. Sebab, amdal yang dibuat masing-masing pengembang hanya sebatas reklamasi yang dilakukan. Tidak dijelaskan mengenai diperuntukkan reklamasi. ""Yang kita minta adalah kajian amdalnya bukan reklamasi saja tapi peruntukan bangunan di atasnya juga,"" ujar San Afri kepada pengembang di Pulau C dan D, Jakarta Utara, Rabu (11/5). Tak hanya soal amdal, pihaknua juga mengatakan akan melakukan investigasi terkait asal usul material pengurugan di tiga pulau tersebut. Memang telah dijelaskan dalam amdal yng dibut, namun tidak dijelaskan secara rinci. ""Yang lainnya akan kita lihat juga kita sebut itu mitigasi galian , urugan itu juga harus kita lihat. Karena ternyata ada memang dijelaskan di amdalnya tapi tidak dijelaskan secara terperinci dan tidak masuk dalam hitungan. Jadi kita akan menindak tegas hal tersebut. Kata San Afri, sebagian besar amdal yang dibuat menyatakan tanah urugan berasal dari Pulau Tunda, Serang, Banten. Namun terkait lokasi persisnya dia masih belum mengetahui. ""Sebagian besar mengatakan dari pualu tunda, tapi enggak tau pulau tunda yang mana,"" ucap dia. Untuk itu, pihaknya akan langsung mencari tahu kebenaran asal tanah urugan yang digunakan. Sebab untuk melakukan pengurugan pulau dipastikan menggunakan banyak material. Karenanya harus dikaji asalnya apakah menimbulkan dampak baru atau tidak."
7	http://economy.okezone.com/read/2016/05/12/320/1386463/mendag-sebut-tren-ekspor-baru-membaik-di-2016	12 Mei 2016	"Mendag Sebut Tren Ekspor Baru Membaik di 2016. JAKARTA - Kementerian Perdagangan (Kemendag) mencatatkan capaian ekspor nonmigas pada 2015 menurun hingga 14 persen dibandinhkan tahun 2014. Capaian ini, sepertinya akan sama di 2016 namun trennya akan lebih baik dibandingkan 2015. ""Tahun ini trennya masih menciut tapi turun 4 sampai 6 persen. Artinya minusnya sudah membaik luar biasa. Jadi memang kita masih belum kembali ke pertumbuhan yang positif tapi minimal trennya membaik,"" ujar Menteri Perdagangan Thomas Lembong di Hotel Mulia Jakarta, Kamis (12/5/2016). Memang namanya menciut, kata Lembong, ekspor masih turun, tapi laju kontraksinya sudah melambat dan trade (perdagangan) sudah mulai membaik. Menurut Lembong, perdagangan apalagi ekspor tentunya sangat tergantung pada kondisi global. Rawannya ekonomi dunia ini menyebabkan shock terjadi dan ini bahaya. ""Tapi saya tetap optimistis karena lokomotif utama yang kan menarik ekonomi dunia saat ini adalah AS. Meski AS kuartal-I sangat lesu tapi prospek ke depan masih bagus karena tenaga kerja dan gaji di AS sudah mulai naik dan memang dari siklus kayaknya AS paling tepat, menjelajahi akhir tahun ini dan awal tahun depan ekonomi makin kuat, dan akan meningkatkan impor dari Asia termasuk Indonesia,"" paparnya."
8	http://economy.okezone.com/read/2016/05/12/320/1386465/daftar-prioritas-industri-yang-dikembangkan-pemerintahan-jokowi	12 Mei 2016	"Daftar Prioritas Industri yang Dikembangkan Pemerintahan Jokowi. JAKARTA - Menteri Koordinator bidang Perekonomian Darmin Nasution bersama Menteri Perindustrian Saleh Husin siang ini menggelar rapat koordinasi untuk membahas mengenai berbagai persoalan pada bidang industri. Dalam rapat kali ini, telah diputuskan beberapa sektor industri prioritas yang akan dikembangkan dalam jangka panjang oleh pemerintah. Menurut Saleh, sektor industri prioritas yang akan dikembangkan nantinya adalah sektor industri potensial yang akan dapat memberikan keuntungan jangka panjang bagi pemerintah dan swasta. Di antaranya adalah industri hulu seperti industri kimia dan Industri tambang. ""Bahas dengan Pak Menko terkait dengan bagaimana kita ke depannya untuk membangun prioritas industri yang akan dikembangkan. Misalnya di tambang, agro, arau industri-industri kimia,"" jelas Saleh saat ditemui di kantor Kementerian Koordinator bidang Perekonomian, Jakarta, Kamis (12/5/2016). ""Yang kita tahu bahwa kita perlu mengembangkan industri-industri yang ada di hulu, baik di bidang kimia, baja, atau kimia dasar. Ini yang harus terus dikembangkan,"" lanjutnya. Tak hanya itu, pemerintah juga akan mengembangkan sektor industri pada bidang farmasi. Pasalnya, selama ini 90 persen bahan baku industri di Indonesia didatangkan dari luar negeri. ""Termasuk bagaimana kita dapat mengembangkan industri yang selama ini bahan bakunya kita import, misalnya farmasi. Yang kita tahu bahan baku farmasi di tempat kita itu melimpah,"" tutupnya. Untuk mengembangkan sektor ini, pemerintah pun akan menjalin kerja sama dengan negara-negara lain. Di antaranya adalah India dan China yang saat ini telah menjadi kiblat teknologi di Asia."
9	http://otomotif.liputan6.com/read/2504473/puluhan-ribu-bikers-ducati-diprediksi-hadiri-wdw-2016	12 Mei 2016	"Puluhan Ribu Bikers Ducati Diprediksi Hadiri WDW 2016. Liputan6.com, Misano - Ducati akan menggelar acara tahunan World Ducati Week (WDW) pada 1-3 Juli mendatang di Marco Simoncelli Misano World Circuit, Italia. Berbeda dengan tahun-tahun sebelumnya, WDW di tahun ini terbilang spesial. Pasalnya, tahun ini adalah hari jadi ke-90 pabrikan asal Italia tersebut, sejak pertama kali berdiri pada 4 Juli 1926 oleh Adriano, Bruno, dan Marcello Cavalieri Ducati. Diprediksi, acara ini akan dihadiri oleh puluhan ribu bikers Ducati. Sebagai pembanding, tahun lalu saja, WDW dihadiri oleh lebih dari 65 ribu orang yang berasal dari 56 negara. Negara yang dimaksud di antaranya adalah Amerika Serikat (AS) dan Malaysia. Beragam acara akan digelar di event ini. Menurut laman resmi Ducati, beberapa di antaranya adalah kontes kotor klasik, kontes, touring, serta pameran motor-motor baru seperti all new XDiavel yang menjadi motor tercantik dalam EICMA 2015 dan Multistrada 1200 Enduro. Acara ini juga akan dimeriahkan oleh bintang balap Ducati, Casey Stoner. ""Saya tidak mau ketinggalan WDW 2016,"" ujarnya, dikutip dari Superbike News. Untuk menghadiri acara ini, peserta diharuskan membayar sejumlah tiket. Tiket terdiri dari paket satu hari atau tiga hari. Pembayaran dapat dilakukan di website resmi Ducati."
10	http://otomotif.liputan6.com/read/2504731/nissan-siap-ambil-alih-mitsubishi	12 Mei 2016	"Nissan Siap Ambil Alih Mitsubishi?. Liputan6.com, Tokyo - Nissan Motor berencana membeli lebih dari 30 persen saham Mitsubishi Motors. Jika diangkakan, persentase ini setara dengan 200 miliar yen atau US$ 1,84 miliar. Dilaporkan eksklusif oleh Asia Nikkei, rencana ini dikaitkan dengan manipulasi hasil efisiensi bahan bakar yang menimpa Mitsubishi. Merek berlogo tiga berlian ini perlu uang segar untuk mengganti kerugian konsumen dengan jumlah yang tak sedikit. Dikatakan, Mitsubishi Motors kemungkinan akan menerbitkan saham baru khusus untuk Nissan melalui private placement. Private placement sendiri sederhananya merupakan penempatan sejumlah modal tertentu melalui pembelian aset yang didasarkan atas kesepakatan antara emiten dan investor. Jika hal ini disepakati, maka Nissan akan menjadi pemegang saham yang cukup besar. Bahkan mereka akan mengalahkan Mitsubishi Heavy Industries yang hanya punya saham di Mitsubishi Motors sebanyak 20 persen. Sebetulnya sampai saat ini keduanya telah menjalin kerja sama erat. Keduanya membuat perusahaan patungan (joint venture) untuk menjual minicar. Mobil kecil ini diproduksi Mitsubishi, lalu kemudian dipasok ke Nissan. Keduanya juga berencana dalam pembuatan mobil listrik. Dengan kerjasama ini, mereka berharap bisa menandingi Honda yang memilih bekerja sama dengan Toyota dalam mengembangkan kendaraan fuel cell. Untuk diketahui, Mitsubishi adalah penyumbang terbanyak penjualan mobil mini di Jepang, dengan jumlah 60 persen. Pabrikan ini relatif kuat secara finansial. Tapi, skandal bahan bakar ini mengikis kepercayaan konsumen, yang mana dampaknya juga terasa pada penjualan kendaraan andalan mereka."
11	http://news.detik.com/internasional/3209816/mendukung-isis-wanita-arab-saudi-divonis-6-tahun-penjara	13 Mei 2016	"Mendukung ISIS, Wanita Arab Saudi Divonis 6 Tahun Penjara. Riyadh, - Seorang wanita Arab Saudi telah dijatuhi hukuman penjara enam tahun atas ""aksi-aksi hasutan"" termasuk menyatakan sumpah setia pada kelompok radikal ISIS. Menurut media Saudi Gazette seperti dilansir kantor berita AFP, Jumat (13/5/2016), pengadilan di Riyadh menjatuhkan vonis tersebut kepada wanita berumur 27 tahun itu dalam persidangan yang digelar Rabu, 11 Mei waktu setempat. Tidak disebutkan nama wanita itu. Namun harian Al-Hayat melaporkan, hakim memutuskan bahwa terdakwa hanya akan mendekam di penjara selama tiga tahun dan menangguhkan sisa masa hukumannya. Ini diputuskan setelah wanita itu menyatakan penyesalan atas perbuatannya. Namun wanita itu dilarang pergi ke luar negeri selama enam tahun. Wanita Saudi tersebut dinyatakan bersalah karena telah menyatakan sumpah setia kepada Abu Bakr al-Baghdadi, pemimpin kelompok ISIS yang telah menguasai sejumlah wilayah di Irak dan Suriah. Media-media Saudi melaporkan, wanita itu telah memposting pesan-pesan di Twitter yang isinya mendukung serangan mematikan ISIS terhadap pasukan keamanan Saudi. Dia juga telah menyerukan untuk melawan para penguasa kerajaan Saudi."
12	http://www.bbc.com/indonesia/dunia/2016/05/160513_dunia_komandan_hisbullah_tewas	13 Mei 2016	"Komandan penting Hizbullah tewas oleh serangan Israel. Seorang komandan terpenting Hizbullah tewas dalam operasi Israel di Suriah, ungkap organisasi militan Syiah berbasis Lebanon itu. Belum ada rincian tentang peristiwa pembunuhan itu, tapi TV Libanon al-Mayadeen mengatakan, Mustafa Amine Badreddine tewas dalam serangan udara Israel terhadap sebuah lokasi dekat bandara Damaskus. Israel belum mengomentari pernyataan ini. Badreddine - dan tiga anggota Hizbullah diduga lainnya - dituduh membunuh mantan PM Libanon Rafik Hariri di Beirut pada tahun 2005. Mengumumkan kematian Badreddine ini, Hizbullah mengatakan: ""Dia mengambil bagian dalam sebagian besar operasi perlawanan Islam sejak tahun 1982.""Lahir pada tahun 1961, ia diyakini sebagai tokoh senior di sayap militer Hizbullah. Dia adalah sepupu dan ipar dari Imad Mughniyeh, yang adalah kepala sayap militer sebelum tewas trbunuh akibat bom mobil di Damaskus pada tahun 2008. Badreddine dilaporkan menjabat juga sebagai anggota Dewan Syura Hizbullah dan penasihat pemimpin Hizbullah, Hassan Nasrallah. Menurut sebuah laporan, anggota Hizbullah yang diinterogasi oleh Dinas Intelijen Keamanan Kanada (CSIS), menggambarkan Badreddine 'lebih berbahaya' dari Mughniyeh, yang merupakan 'gurunya dalam terorisme.'Mereka diduga bekerja sama pada pemboman barak Korps Marinir AS di Beirut, Oktober 1963, yang menewaskan 241 orang. Hizbullah - Partai Allah - adalah organisasi politik, militer dan sosial Syiah yang memiliki kekuasaan yang cukup besar di Lebanon. Kelompok ini muncul dengan bantuan Iran selama pendudukan Israel di Lebanon pada awal 1980-an, meskipun akar ideologisnya bisa ditarik jauh ke kebangkitan Islam Syiah di Lebanon pada 1960-an dan 70-an."
13	http://news.detik.com/internasional/3209774/penembakan-brutal-terjadi-di-kafe-irak-12-orang-tewas	13 Mei 2016	"Penembakan Brutal Terjadi di Kafe Irak, 12 Orang Tewas. Baghdad, - Aksi penembakan brutal terjadi di sebuah kafe populer di Irak. Setidaknya 12 orang tewas dan 25 orang lainnya luka-luka dalam insiden berdarah itu. Penembakan itu terjadi di kota Balad, Irak utara. Kota yang penduduknya sebagian besar Syiah itu, berlokasi sekitar 80 kilometer sebelah utara ibukota Baghdad. Menurut sumber-sumber kepolisian seperti dilansir kantor berita Reuters, Jumat (13/5/2016), penembakan itu dilakukan oleh tiga pria bersenjata. Dengan menggunakan senapan mesin, para penyerang menembaki korban-korbannya dari dalam mobil mereka, sebelum kemudian kabur dari lokasi. Penembakan itu berlangsung sekitar 10 menit. Sumber kepolisian mengatakan, wilayah sekitar lokasi kejadian merupakan wilayah yang dijaga ketat aparat kepolisian. Para penyerang harus melewati tiga pos pemeriksaan polisi sebelum mencapai target mereka. Sejauh ini belum ada pihak ataupun kelompok yang mengklaim bertanggung jawab atas penembakan itu. Penembakan ini terjadi menyusul serangan-serangan bom di Baghdad pada Rabu (11/5) waktu setempat, yang menewaskan 80 orang. Kelompok radikal ISIS telah mengklaim serangan bom tersebut.(ita/ita)"
14	http://www.bbc.com/indonesia/dunia/2015/12/151220_dunia_lebanon_suriah	20 Desember 2015	"Milisi Lebanon tewas karena serangan roket di Suriah. Seorang ,ilisi penting Lebanon, Samir Qantar, tewas karena serangan roket di dekat ibu kota Suriah, Damaskus, menurut Hisbullah. Kelompok militan Syiah di Lebanon itu memandang Israel yang bertanggung jawab atas serangan udara tersebut. Qantar dipenjara di Israel pada tahun 1979 karena terlibat serangan mematikan dan kemudian dibebaskan sebagai bagian dari pertukaran tahanan kontroversial dengan Hisbullah pada tahun 2008. Seorang menteri Israel menyambut baik kematian Qantar tapi tidak memastikan Israel yang bertanggung jawab. Ketika ditanyakan keterlibatan Israel, Menteri Konstruksi dan Perumahan, Yoav Gallant, mengatakan kepada Radio Israel: ""Saya tidak memastikan atau menyangkal apapun terkait hal ini.""Tetapi dia menambahkan: ""Adalah suatu kebaikan orang seperti Samir Qantar tidak lagi menjadi bagian dunia kita.""Qantar dikenal sebagai 'dekan tahanan Lebanon' selama masa penahanannya di Israel. Dia dihukum karena pembunuhan lewat serangan terhadap sebuah blok rumah susun sipil di Nahariya pada tahun 1979, yang dilakukannya saat berumur 16 tahun. Hisbullah mengirim ratusan milisi untuk berperang bersama-sama pasukan pendukung Presiden Suriah Bashar al-Assad."
15	http://news.detik.com/internasional/3209696/komandan-tinggi-hizbullah-tewas-dalam-serangan-udara-israel-di-suriah	13 Mei 2016	"Komandan Tinggi Hizbullah Tewas dalam Serangan Udara Israel di Suriah. Beirut, - Kelompok gerilyawan Libanon, Hizbullah kehilangan salah satu komandan tingginya. Pria bernama Mustafa Badreddine tersebut tewas dalam serangan udara Israel di Suriah. Badreddine merupakan saudara ipar mendiang panglima militer Hizbullah, Imad Moughniyah. Badreddine telah dinyatakan bersalah oleh Pengadilan Khusus untuk Libanon atas pembunuhan mantan Perdana Menteri Libanon Rafik al-Hariri pada tahun 2005. Menurut sumber-sumber keamanan, pria berumur 55 tahun itu merupakan salah satu pejabat tingkat tinggi di Hizbullah. ""Dia ikut serta dalam sebagian besar operasi perlawanan Islamis sejak 1982,"" demikian statemen Hizbullah saat mengumumkan kematian Badreddine seperti dilansir kantor berita Reuters, Jumat (13/5/2016). Hizbullah menyebut Badreddine sebagai ""pemimpin jihad yang hebat"". Hizbullah menyatakan, Badreddine tewas dalam ledakan besar yang menargetkan salah satu basisnya di dekat bandara Damaskus, Suriah. Disebutkan bahwa penyelidikan tengah dilakukan untuk memastikan apakah ledakan itu akibat serangan udara, serangan rudal, atau serangan artileri. Namun stasiun televisi Libanon, al-Mayadeen melaporkan, komandan Hizbullah itu tewas dalam serangan udara yang dilancarkan Israel di Suriah pada Selasa, 10 Mei malam waktu setempat. Sebelumnya, Badreddine telah divonis mati di Kuwait atas perannya dalam serangan-serangan bom di negeri itu pada tahun 1983. Dia kabur dari penjara di Kuwait setelah Irak, di bawah kepemimpinan Saddam Hussein, menginvasi Kuwait pada tahun 1990. Selama bertahun-tahun, Badreddine telah mendalangi operasi-operasi militer terhadap Israel dari Libanon dan luar negeri. Dia selama ini berhasil lolos dari penangkapan otoritas Arab dan Barat dengan beroperasi secara sembunyi-sembunyi.(ita/ita)"
16	http://www.bbc.com/indonesia/dunia/2016/05/160513_dunia_as_pecat_al	13 Mei 2016	"Terkait Iran, komandan kapal perang AS dipecat. Angkatan Laut Amerika Serikat memecat komandan kapal yang Januari lalu membawa 10 anggota AL menerabas masuk perairan Iran Dalam sebuah pernyataan, AL AS mengatakan telah kehilangan kepercayaaan terhadap Eric Rasch, yang mempimpin sebuah skuadron penjelajah pada saat peristiwa di Teluk nitu terjadi. Saat kejadian itu, para pelaut akhirnya dibebaskan setelah diplomasi yang intens antara Menteri Luar Negeri AS John Kerry dan pejabat senior Iran. Pada hari Kamis, pejabat Angkatan Laut AS mengatakan bahwa Rasch saat itu tidak menunjukkan kepemimpinan yang efektif, mengarah ke kurangnya pengawasan, tak berhati-hati, dan mengakibatkan unitnya tidak memenuhi standar. Seorang pejabat Angkatan Laut mengatakan Rasch telah ditugaskan di tempat lain, lapor Associated Press. Pejabat itu tidak mengatakan apa peran baru mantan komandan itu. Bulan Januari lalu, para pelaut - sembilan pria dan seorang perempuan - ditahan ketika salah satu dari dua kapal mereka rusak saat pelatihan di Teluk. Mereka kemudian dibawa ke Pulau Farsi, di tengah-tengah Teluk, lokasi sebuah pangkalan angkatan laut Iran. Penerabasan wilayah perairan Iran itu 'tidak disengaja,' simpul Garda Revolusi Iran pada saat itu. Para pelaut dibebaskan setelah sekitar 15 jam, sesudah disebutkan Iran bahwa mereka sudah meminta maaf. Tapi Wakil Presiden Joe Biden kemudian mengatakan bahwa kapal itu memang mengalami masalah sehingga 'tak ada yang perlu dimintakan maaf.' "
17	http://news.detik.com/internasional/3209376/ledakan-besar-terjadi-di-turki-4-orang-tewas	13 Mei 2016	"Ledakan Besar Terjadi di Turki, 4 Orang Tewas. Diyarbakir - Ledakan besar terjadi di kota Hani yang terletak di sisi tenggara Turki. Ledakan di jalan raya itu disebut menewaskan beberapa orang dan melukai belasan lainnya. Seperti dilansir Reuters, Jumat (13/5/2016), saksi mendengar suara ledakan dari jarak yang cukup jauh. Ambulans lalu lalang di lokasi. Sumber di aparat keamanan setempat menyebutkan ada 4 orang yang tewas dalam peristiwa ini. Sebanyak 15 orang lainnya terluka, 4 di antaranya kritis. Penduduk di kota tersebut mayoritas adalah suku Kurdi. Ledakan persisnya terjadi di Distrik Sarikamis yang berjarak 25 km dari kota terbesar di wilayah Diyarbakir. Sebelumnya, Partai Pekerja Kurdistan (PPK) memuat bahan peledak ke dalam truk. Demikian dilaporkan Kementerian Dalam Negeri setempat. Sehari sebelumnya, ada serangan bom mobil di dekat fasilitas militer di pinggiran kota Istanbul yang melukai 7 orang. Ada pula bom mobil di Diyarbakir yang menargetkan polisi dan menewaskan 3 orang.(imk/imk)"
18	http://www.bbc.com/indonesia/dunia/2016/05/160512_dunia_brasil_pemakzulan	12 Mei 2016	"Presiden Brasil Dilma Rousseff diberhentikan sementara. Senat Brasil memutuskan untuk memakzulkan Presiden Dilma Rousseff, setelah sidang semalam suntuk dengan perbandingan 55 suara mendukung dan 22 menolak. Dengan keputusan Senat Brasil pada Kamis (12/05) itu maka dengan serta merta Dilma Rousseff diberhentikan sementara sebagai presiden. Wakil Presiden Michel Temer, 75, menggantikannya sebagai kepala negara sementara. Ia mempunyai latar belakang sebagai dosen hukum dan berdarah Lebanon. Rousseff, presiden perempuan pertama Brasil, selanjutnya akan menjalani sidang pemakzulan terkait tuduhan bahwa ia memanipulasi data keuangan untuk menutup-nutupi defisit anggaran menjelang pemilihan presiden yang dimenangkannya kembali pada tahun 2014. Ia menepis keras tudingan itu. Ditambahkannya bahwa segala upaya untuk menggulingkannya sebagai ""kudeta"". Sidang pemakzulan diperkirakan bisa berlangsung sampai 180 hari. Artinya, Roussef mungkin masih dalam periode diberhentikan sementara ketika pesta olahraga akbar Olimpiade dibuka di Rio de Janeiro pada 5 Agustus."
19	http://news.detik.com/bbc-world/3208738/dituduh-negara-terkorup-nigeria-minta-inggris-kembalikan-aset	12 Mei 2016	"Dituduh Negara Terkorup, Nigeria Minta Inggris Kembalikan Aset. Pernyataan Perdana Menteri Inggris David Cameron yang menyebut Nigeria dan Afghanistan sebagai negara yang luar biasa korup di dunia mendominasi pertemuan puncak korupsi Negara-negara Persemakmuran di London pada Rabu (11/05). Alih-alih menuntut permintaan maaf dari PM Inggris, Presiden Nigeria Muhammadu Buhari mengatakan pihaknya meminta Inggris mengembalikan aset-aset curian yang disimpan di berbagai bank Inggris. ""Saya tidak akan menuntut permintaan maaf dari siapa pun. Yang saya tuntut adalah pengembalian aset-aset,"" kata Buhari di hadapan delegasi. Ketika ditanya apakah Nigeria bisa disebut sebagai negara yang ""luar biasa korup"", Presiden Muhammadu Buhari, tak menampiknya dengan mengatakan, "" Ya."" Ia dipilih dalam pemilihan presiden tahun lalu dengan janji memberantas korupsi yan sudah merajalela di Nigeria. David Cameron, Ratu Elizabeth dan Justin Welby Sebelumnya, Cameron terekam kamera ketika melakukan pembicaraan pribadi dengan Ratu Elizabeth II. ""Inggris akan kedatangan beberapa pemimpin dari negara-negara yang luar biasa korup... Nigeria dan Afghanistan, mungkin dua negara yang paling korup di dunia.""Adapun Kedutaan Besar Afghanistan di London menyebut pernyataan PM David Cameron tak adil. Disebutkan bahwa pemberantasan korupsi menjadi salah satu prioritas Presiden Ashraf Ghani dan aksi ""tegas"" sudah dilakukan.(nwk/nwk)"
20	http://www.bbc.com/indonesia/dunia/2016/05/160511_dunia_brasil_rousseff	12 Mei 2016	"Krisis politik Brasil 'belum segera' berakhir. Di tengah-tengah krisis politik yang melanda Brasil, yang sejauh ini bermuara pada upaya pemakzulan Presiden Dilma Rousseff di Senat, para pendukung dan penentangnya aktif turun ke jalan. Untuk mencegah kedua kubu bertemu secara langsung, pihak keamanan sampai mendirikan pemisah di ibukota Brasilia, seperti dijelaskan Febrizki Bagja Mukti, Sekretaris Pertama Politik KBRI Brasilia. ""Di jalan utamanya ada dibuat pagar dari seng dan besi oleh polisi untuk memisahkan kelompok pendukung dan yang menolak pemakzulan. Sampai istilahnya itu kalau di Jerman dulu ada Tembok Berlin, ini namanya Tembok Pemakzulan,"" katanya. Bagaimanapun Febrizki Bagja Mukti mengamati perbedaan pendapat di kalangan masyarakat tidak sampai terasa dalam kehidupan sehari-hari. ""Kalau komentar di artikel online atau blog internet, di situ lebih terasa masyarakat terpecah, ada yang mendukung dan menolak. Tapi kalau dalam kehidupan sehari-hari sebenarnya relatif normal, orang tetap bekerja seperti biasa."" Proses pemakzulan Presiden Rousseff di Brasil ini merupakan salah satu titik dari krisis politik yang sudah berlangsung selama beberapa waktu. Jika Senat kemudian memutuskan upaya pemakzulan diteruskan, maka Presiden Presiden Dilma Rousseff akan diberhentikan sementara selama 180 hari atau selama masa persidangan penuh. Dan tampaknya hasil di Senat tidak akan langsung bisa menstabilkan politik Brazil. ""Karena kalau, misalnya, Presiden Dilma Rousseff dimakzulkan maka akan dinonaktifkan untuk sementara dan Wakil Presiden Michel Temer menjadi pelaksana tugas presiden. Namun Wapres Michel Temer juga disebut-sebut dalam kasus korupsi Petrobras. Jadi saya rasa posisi Wapres Temer ketika memegang pemeritahan sementara akan rentan untuk digoyang,"" jelas Febrizki Bagja Mukti. Krisis politik Brasil ini terjadi ketika perekonomiannya sedang terpuruk dengan pertumbuhan ekonomi negatif dan inflasi yang sangat tinggi. Namun pelaku pasar menanggapi positif upaya pemakzulan Presiden Rousseff dengan nilai mata uangnya menguat US$1 sebesar 3,4 real Brasil padahal beberapa pekan sebelum pemakzulan, nilai US1$ mencapai sampai 4 real Brasil. Sementara nilai dua tahun lalu US$1 = 2,2 real Brasil. ""Mungkin saja hanya sesaat karena kalau nanti Wapres Michel Temer naik jadi pelaksana presiden, kita tidak bisa tahu apa yang terjadi,"" tambah Febrizki. Presiden Rousseff dalam proses pemakzulan dituduh melanggar undang-undang fiskal, tidak mampu memimpin, dan salah mengelola ekonomi. Dia sudah membantah tegas tuduhan memanipulasi anggaran negara."
21	http://www.bintang.com/celeb/read/2506686/absen-berkarya-ahmad-dhani-dewa-19-tak-pernah-mati	14 Mei 2016	"Absen Berkarya, Ahmad Dhani: Dewa 19 Tak Pernah Mati. Bintang.com, Jakarta Nasib band legendaris asal Surabaya, Dewa 19 pasca ditinggalkan sang vokalisnya, Once Mekel beberapa tahun silam memang menjadi salah satu faktor vakumnya Dewa dari industri musik tanah air. Sejak itu, Dewa 19 seakan tenggelam dengan para personilnya yang sibuk menggarap projek lain. Dhani membentuk Mahadewa, Dewi-Dewi, TRIAD, sedangkan Andra menggarap Andra & The Backbone. Dewa 19, tegas sang frontmannya mengatakan tidak akan pernah mati. Namun memang saat ini Dewa 19 yang tidak memiliki vokalis tetap manggung wara-wiri. Sempat umumkan bubar, Dewa 19 masih sering manggung dalam rangka reuni. ""Dewa 19 nggak pernah mati. Selagi dia punya jadwal untuk nyanyi, pasti masih tetap manggung,"" tegas Dhani ditemui Bintang.com di kawasan Menteng, Jakarta Pusat, Jumat (13/5/2016). Adapun Dewa 19, diketahui memang kerap manggung dengan mengundang mantan vokalis pertamanya, Ari Lasso. Namun untuk urusan kembali memanenkan sosok Ari Lasso sebagai vokalis Dewa 19, kata Dhani memang agak sulit. ""Susah-susah. Karena dia udah jadi penyanyi solo ya. Jangankan Ari Lasso, Virzha aja susah,"" jelas Dhani. ""Iya posisi (vokalis) kosong. Belum ada niatan cari vokalis baru. Untuk berkarya, sementara memang belum. Dewa ada langkah-langkah show aja. Dewa 19 kan gak perlu lagu baru untuk konser dengan harga yang fantastis,"" terang bakal calon Gubernur DKI Jakarta dari partai PKB tersebut."
22	http://www.bintang.com/celeb/read/2505502/penampilan-fisik-jadi-pertimbangan-kevin-aprilio-rekrut-vokalis	13 Mei 2016	"Penampilan Fisik Jadi Pertimbangan Kevin Aprilio Rekrut Vokalis. Bintang.com, Jakarta Bukan hanya dari kualitas suara yang dinilai mumpuni, ada pertimbangan lain Kevin Aprilio mendaulat Ilyas, Lutfi, dan Edran, menjadi vokalis Kevin and The Red Rose. Menurut Kevin, ketiga vokalisnya memiliki paras yang tampan. Lantas apakah fisik menjadi faktor penting bagi Kevin dalam mencari penyanyi. ""Bukan, saya sih enggak fisik oriented banget. Mungkin faktor ini bisa menjadi penunjang. Kata teman-teman cewek saya oke, boleh deh buat diajak. Saat pas tampil kita juga tetap mengeluarkan skill,"" ujar Kevin Aprilio, di Gedung Film, MT Haryono, Jakarta Selatan, Kamis. Kerap membuat sebuah projek pun bukan lantaran Kevin pribadi yang bosanan. Justru dia ingin menyalurkan kualitasnya dalam bermusik. Lagipula, Kevin tetap konsisten bersama grup terdahulunya, Vierratale. Bahkan saat ini Vierra tengah mempersiapkan album terbarunya. ""Saya yang fokus di Vierratale selama ini, maksudnya yang ada saya ya di Vierra. Saya pernah bikin girlband, mengorbitkan penyanyi. Bikin lagi ini yang kedua. Jadi fokus saya cuma dua, di Vierra dan ini. Bagi waktu sih gk masalah ya. Beratnya cuma awal karena dua-duanyanya lagi produksi,"" urainya. Untuk Kevin and The Red Rose sendiri rencananya akan mengeluarkan debut albumnya pada Juli mendatang. Dengan lagu andalan bertajuk Terkunci Untukmu. Sebuah lagu bercerita tentang pria yang tak bisa berpaling ke lain hati dari seorang wanita. ""Nanti lagu Jagoannya Terkunci Untukmu. Ceritanya kita kepatil lah sama seseorang, enggak bisa ke lain hati. Pokoknya dia. Vierra juga lagi fokus album juga. Jadi akan sama-sama rilis di bulan Juli, tapi beda tanggal,"" pungkas Kevin Aprilio."
23	http://showbiz.liputan6.com/read/2507027/afgan-ledek-ridwan-kamil-di-panggung-konser	14 Mei 2016	"Afgan Ledek Ridwan Kamil di Panggung Konser. Liputan6.com, Jakarta Di sela-sela pertunjukan konser musik pertamanya di Bandung, Sabtu, Afgan masih sempat menanggapi pemberitaan yang sedang marak memperbincangkan namanya. Bukan kabar tak sedap, tapi kabar tentang meme kocak yang melibatkan dirinya, Ridwan Kamil dan istri. Dengan nada canda, Afgan menceritakan pada penonton bahwa ia melihat meme kocak yang beredar luas tersebut. ""Iya, saya lihat tuh, pas kita foto ya, Bu. Terus ada Kang Emil dipojokan sambil muka sedih gitu kan,"" ujar Afgan sambil menyapa Ibu Atalia, istri walikota Bandung, Ridwan Kamil. ""Terus tulisannya, 'yang kamu lakukan ke saya itu.....jahat',"" ungkap Afgan sambil berkspreksi dramatis khas adegan Cinda dan Rangga dalam film Ada Apa dengan Cinta? 2. ""Atau ada lagi yang tulisannya, 'terlalu sadis caramu',"" ujarnya sambil memegang dadanya, pura-pura tersakiti. Merupakan kebanggaan tersendiri bagi Afgan karena konser solo perdananya ini turut disaksikan oleh orang nomor satu di Bandung. ""Hallo, Kang Emil, bapak kesayangan saya, nih,"" ujarnya sambil melambaikan tangan. Konser Afgan yang bertajuk Sides ini merupakan konser solo perdana untuk mempromosikan album terbarunya yang berjudul sama. Ia akan berkeliling ke lima kota besar di Indonesia, yaitu Bandung, Surabaya, Makasar, Medan, dan Banjarmasin."
24	http://showbiz.liputan6.com/read/2506654/the-changcuters-bikin-simbol-rahasia-lewat-nyanyian-kode	14 Mei 2016	"The Changcuters Bikin Simbol Rahasia Lewat Nyanyian Kode. Liputan6.com, Jakarta - Produktivitas The Changcuters sebagai grup musik rock tanah air kini semakin menanjak. Belakangan, satu single pembuka dari album trilogi kedua bertajuk Binauralis telah dirilis. Albumnya sendiri baru akan tiba di pasaran pada Agustus 2016 nanti. Single yang diberi judul ""Hmmm.. Sudah Kuduga"" itu memiliki tema yang sangat unik dan langka bagi ukuran band Tanah Air. ""Gunakan Perasaan, Padamkan Logika. Lalu temukan simbol-simbol rahasia yang tersembunyi di dalam lagu: 'Hmmm.. Sudah Kuduga.' Ini adalah lagu tentang insting, jika kamu bisa memahaminya,"" kutip sebuah rilis yang diterima oleh Liputan6.com beberapa waktu lalu. Diklaim oleh mereka bahwa ""Hmmm.. Sudah Kuduga"" juga bertindak sebagai sebuah 'Nyanyian Kode' (istilah yang mereka ambil dari lagu parodi (Alm.) Kasino Warkop DKI). Isinya tentang bagaimana sang pembuat lagu mengasah instingnya sekaligus insting pendengar yang mau menyimaknya secara seksama. ""Mendengarkannya dengan perasaan, memejamkan mata dan memadamkan logika,"" lanjut kutipan di dalam rilis tersebut. Formula penciptaan dalam lagu ini menyimpan berbagai komposisi rahasia di dalamnya. Qibil (gitar) meletakkan keping pertama teka-teki melalui serangkaian nada melodi dengan sound mistis pada intro lagu. Alda (gitar) lalu menimpalinya dengan riff-riff layaknya penyampaian suatu cerita yang tak bisa diungkapkan hanya dengan kata-kata. Dipa (bass) menaruh potongan teka-teki berikutnya lewat petikan bas terbata-bata. Erick (drum) melengkapinya dengan ketukan yang dibuat berbeda pada durasi tertentu. Kemudian Tria (vokal) mengunci kepingan terakhir itu melalui sebuah tanda tanya besar pada potongan liriknya. ""Ini adalah permainan besar kami, karena ""Hmmm.. Sudah Kuduga"" ini adalah single pembuka, perkenalan dari album Binauralis yang akan dirilis pada bulan Agustus 2016 nanti. Sebuah lanjutan trilogi kedua setelah album Visualis dirilis pada penghujung tahun 2013 silam. Album ini akan bercerita banyak mengenai misteri simbol-simbol, kode-kode, cerita-cerita, atau apapun namanya di balik unsur pendengaran,"" jelas Tria yang gayanya paling atraktif dibanding personel lain The Changcuters."
25	http://showbiz.liputan6.com/read/2504076/joey-alexander-bakal-manggung-di-jakarta-usai-jadi-nomine-grammy	11 Mei 2016	"Joey Alexander Bakal Manggung di Jakarta Usai Jadi Nomine Grammy. Liputan6.com, Jakarta - Joey Alexander baru saja didapuk dua nominasi Grammy Awards 2016. Bahkan, pianis belia asal Indonesia ini juga sempat tampil di salah satu ajang penghargaan musik bergengsi dunia itu. Sejak saat itu, namanya langsung melambung tinggi di kancah musik Tanah Air. Usai ditunjuk sebagai nomine Grammy Awards 2016, Joey Alexander tampak rindu untuk tampil di tanah kelahirannya. Ia kini tengah bersiap-siap menggelar konser tunggal di Jakarta untuk pertama kalinya. Konsernya bakal digelar pada 22 Mei 2016 mendatang di Jakarta International Expo (JIExpo) Kemayoran, Jakarta, dengan tema ""Joey Alexander Live in Concert"". Acara ini bisa terselenggara berkat kolaborasi promotor Mahana Live Interact dan iCanStudioLive. Dalam kesempatan jumpa pers di Jakarta pada pertengahan April 2016, pihak Mahana Live Interact menjanjikan bahwa Joey Alexander Live in Concert bakal menjadi konser jazz yang pertama kali menghadirkan HD Quality Sound Design untuk memanjakan telinga penonton. Para penonton nantinya akan menikmati kualitas audio yang jernih dengan bunyi yang memunculkan karakter setiap instrumen. Kualitas audio tersebut dijanjikan bakal terdengar sangat baik di seluruh pelosok lokasi konser. Senyum pianis muda Indonesia, Joey Alexander saat tampil di ajang Grammy Awards 2016 di Los Angeles, Senin (15/2). Sorotan industri musik internasional semakin besar terhadap Joey setelah tampil dalam malam puncak penghargaan Grammy (AFP PHOTO/Robyn BECK) Mahana Live Interact turut menyampaikan, ""Penyelenggara juga merancang layout konser berbentuk sirkular yang didukung pencahayaan megah. Panggung utama akan ditempatkan di tengah ruangan sebagai pusat perhatian selama dua jam konser berlangsung."" Ditunjuknya Joey Alexander ke dalam nominasi Grammy Awards 2016, tak lepas dari karya-karyanya yang dianggap berkualitas. Sebut saja album My Favorite Things dan salah satu nomor jagoannya yang berjudul ""Giant Steps""."
26	http://showbiz.liputan6.com/read/2498193/kesempurnaan-cinta-lebih-enak-punya-rizky-febian-atau-sule	3 Mei 2016	"Kesempurnaan Cinta, Lebih Enak Punya Rizky Febian atau Sule?. Liputan6.com, Jakarta - Lagu ""Kesempurnaan Cinta"" yang dinyanyikan Rizky Febian belakangan ini masih menjadi hits meskipun sudah ada sejak tahun lalu. Banyak pecinta musik Indonesia yang tak bosan-bosannya mendengarkan tembang jazz ballad ciptaan putra komedian Sule tersebut. Mencermati liriknya, ""Kesempurnaan Cinta"" tak cuma bisa diartikan sebagai hubungan asmara antara laki-laki dan perempuan. Banyak yang memaknainya secara universal. Terlebih lagi, tersirat satu penyampaian yang sangat luas ketika Rizky menghayati setiap liriknya. Ketika mendengarkan lagunya, Sule sempat tak percaya kalau ""Kesempurnaan Cinta"" diciptakan oleh anaknya sendiri. Akhirnya, sang komedian membantu mempublikasikan hingga akhirnya menjadi sukses seperti saat ini. Nah, beberapa bulan yang lalu Sule seolah tak mau kalah. Ia merekam lagu anaknya sendiri. Bukannya nuansa jazz yang dibawakan, Sule malah menyanyikannya dengan irama kencang dalam musik rock. Alih-alih romantis, nuansa lagu tersebut malah menimbulkan suasana campur aduk yang tidak biasa. Gara-gara merekam lagu ""Kesempurnaan Cinta"" versi rock, Sule sempat dicap mendompleng kesuksesan sang anak. Padahal kalau diamati, sang komedian hanya berniat berekspresi sambil bereksperimen di sela-sela kesibukannya."
27	http://musik.kapanlagi.com/resensi/chill-out/pesona-dan-eksploitasi-michael-jackson-yang-tak-sirna-5efbbf.html	30 Juni 2014	"Pesona dan Eksploitasi Michael Jackson Yang Abadi. Michael Jackson adalah performer paling fenomenal, berpengaruh dan ikonik di dunia. Ia salah satu penyanyi yang bisa kita sebut sebagai musisi original. Sebelumnya ada The Beatles, Jimi Hendrix, Frank Sinatra, dan Elvis Presley, yang masa keemasan musisi tersebut belum pernah saya rasakan langsung. Namun, untungnya saya dan mungkin generasi 90-an umumnya masih bisa tumbuh bersama sosok King of Pop. Penyanyi ini mempopulerkan moonwalk dance kepada khalayak pada tahun 1983, saat dirinya tampil di Motown: Yesterday, Today, Forever. Aksi panggungnya selalu megah dan spektakuler. Seakan mengingatkan kita bahwa ini adalah suatu keagungan. Tidak banyak musisi yang memiliki showmanship seperti itu. Sementara Billy Jean merupakan salah satu karya terpenting yang pernah diciptakannya. Ada kedalaman dan kemegahan musikal di dalamnya. Dalam lagu tersebut terdapat variasi hook-hook yang ajaib. Semua instrumen seakan memainkan hook yang berbeda, padahal kita masih mendengarkan lagu yang sama. Pengaruh Michael juga telah menjadi wabah bagi banyak artis. Bahkan, sebagian dari mereka berusaha menirunya. Kita dapat melihat pengaruhanya di penyanyi-penyanyi masa kini seperti Justin Bieber, Justin Timberlake, Chris Brown, Britney Spears sampai kawannya, Madonna, yang dijuluki Queen of Pop. Selain mereka, tak terhitung berapa jumlah impersonator yang menyambung hidup dengan menirukan aksi dan penampilan Michael. Lima tahun berselang setelah kepergiannya yang mengejutkan pada 2009 silam, membuat kita dilanda rasa kehilangan yang amat dalam. Dunia tanpa Michael seperti tempat yang berbeda. Alhasil, kerinduan para fans yang jumlahnya mungkin sekitar 100 juta lebih ini dimanfaatkan sebagai peluang bisnis. Kelompok sirkus Cirque du Soleil meraup untung yang luar biasa dan fantastis karena pertujukkan Michael Jackson The Immortal World Tour. Film THIS IS IT pun memberikan keuntungan melimpah. Sejak Michael meninggal, ada tiga album posthumous yang dirilis oleh label Sony/Epic, MICHAEL (2010), IMMORTAL (2011) dan XSCAPE (2014). Menariknya, Michael tercatat terakhir kali menelurkan album pada tahun 2001, berjudul INVINCIBLE. Produktivitas Michael mandek karena ia berseteru dengan petinggi label, L.A Reid. Ia merasa album itu tidak dipromosikan sesuai ekspektasinya. Sedangkan, untuk album posthumous XSCAPE, label seperti berusaha melakukan promosi semaksimal mungkin. Mulai dari menggaet produser ternama, menggandeng kolabolator setenar Justin Timberlake dan lain-lain. Pertanyaannya, kalau Michael masih hidup, apakah label akan 'seniat' itu? Bisa iya dan bisa tidak. Saat kita mulai mengaitkannya dengan penampilan fisik, tak sedikit yang menilai Michael adalah penyanyi yang aneh. Isu-isu personalnya yang penuh misteri telah mengurangi kemampuan kita untuk melihat Michael sebagai seorang seniman. Diperparah lagi dengan kasus tuduhan pelecehan seksual, membuat pamor positif Michael turun drastis.  Album posthumous dari musisi yang telah meninggal memang hal yang wajar. Namun ini bisa jadi tidak wajar kalau sebuah label merilis terus menerus album posthumous dari satu musisi. Popularitas yang tinggi, fans yang berdedikasi dan demo lagu Michael yang segudang membuat King of Pop sebagai musisi yang paling dieksploitasi sekarang ini.  Sebagai penggemar, saya merasa cukup sedih dengan hal ini. Ironis sekali melihat kenyataan Michael yang terus mengalami ekspoitasi, baik saat masih hidup maupun tiada. Sejak kecil ia dieksploitasi ayahnya sendiri, setelah dewasa dan meninggal atas nama pasar namanya terus dijual demi keuntungan pemodal. Betapa menyedihkan bukan?"
28	http://musik.kapanlagi.com/rising-star/locca-pendatang-baru-rasa-pelangi-4c77c9.html	10 April 2014	"Locca, Pendatang Baru Rasa Pelangi. Kapanlagi.com - Locca bisa dibilang band yang berbeda dengan kebanyakan band pendatang baru lainnya. Band yang digawangi oleh Adrian Soemantadiredja, Riadi Antasa, Rizky Separev, dan Fahris Faisal ini memiliki rasa pelangi. Kenapa bisa begitu? Warna musik yang mereka mainkan cukup beragam, mereka menggabungkan elemen dari RnB, Soul, Pop, Funk dan juga Jazz. Harapan Locca mengusung dan menggabungkan warna musik seperti ini supaya bisa membawakan cita rasa baru bagi seluruh penikmat musik. Namun Locca sendiri tetap menyebut bahwa mereka berada di jalur Pop dan Jazz. Single pertama Locca adalah sebuah lagu bertajuk Hanya Ingin, lantunan yang terdengar sangat segar dan ringan. Suguhan musik yang trendy, dan cocok untuk mereka yang berjiwa muda. Locca telah mendapatkan sambutan positif dari kalangan musisi, kritikus, maupun pemerhati musik Pop dan Jazz di tanah air. Beberapa penghargaan telah diraih dalam karir bermusik para personilnya. Tak diragukan mereka juga pernah tampil pada event-event bergengsi, antara lain: Javajazz Festival (2011), Showcase Kompas TV (2011), Benyamin on Jazz Album with R2Rhythm Performing Experiences (2012), 35th Jazz Goes To Campus (2013), serta banyak event lainnya."
29	http://www.suara.com/entertainment/2016/05/13/084758/minus-dua-anggota-spice-girls-siap-reuni-tahun-ini	13 Mei 2016	"Minus Dua Anggota, Spice Girls Siap Reuni Tahun Ini. Suara.com - Pesona Spice Girls sepertinya tak akan pernah memudar. Sebagai eksistensinya di panggung musik dunia, girlband era 90-an itu akan menggelar reuni pada Juli mendatang. Dilansir dari laman Mirror, Jumat (13/5/2016), reuni hanya melibatkan tiga anggota Spice Girls, yakni Geri Horner (Ginger Spice), Melanie Brown (Scary Spice) dan Emma Bunton (Baby Spice). Melanie Chisholm (Sporty Spice) dan Victoria Beckham (Posh Spice) dipastikan absen. Tiga anggota tersisa diketahui tengah sibuk berada di studio Play Deep di London untuk merekam single terbaru mereka. Karya baru mereka akan dirilis bertepatan dengan peluncuran debut single mereka, Wannabe pada 20 tahun lalu. Kembalinya mereka ke panggung dunia bukan sebatas merilis single saja. Sebab, mereka juga akan menjalani tur Pada 2017 mendatang. Seperti sudah tak sabar mengobati rasa rindu para penggemarnya, Mel B sempat mengunggah foto kebersamaan mereka melalui akun Instagram miliknya. ""Dan aku berkata oohhhh LALA,"" tulis Mel B pada keterangan foto."
30	http://www.suara.com/entertainment/2016/05/12/193241/andika-indra-dan-reza-hidupkan-lagi-peterpan	12 Mei 2016	"Andika, Indra, dan Reza Hidupkan Lagi Peterpan. Suara.com - Tiga musisi yang pernah bergabung dengan Peterpan, yaitu Andika Naliputra Wirahardja (keyboard), Hendra Suhendra atau Indra (bas), dan Ilsyah Ryan Reza atau Reza (drum) kini reunian lagi dengan menamai formasi mereka A.I.R atau Andika, Indra, dan Reza. Dalam proyek ini, mereka berkolaborasi dengan band Neverland yang beranggotakan Vivings pada vokal, Dias pada gitar dan Gingin pada drum. Mereka sudah menggarap beberapa lagu sekaligus. ""Banyak yang minta Peterpan untuk balik lagi tapi memang itu nggak mungkin karena kesibukan masing-masing.  Sekarang bersama Neverland ini musik Peterpan yang dulu dihadirkan kembali,"" ujar Andika di kawasan Menteng, Jakarta Pusat, Kamis (12/5/2016). Menurut Andika, Indra dan Reza, musik Neverland mengingatkan mereka pada masa-masa awal Peterpan. Sehingga diharap bisa mengobati kerinduan fans pada musik-musik Peterpan. ""Ini seperti musik Peterpan jaman dulu. Musiknya nggak ribet,"" tandas Andika. Lagu-lagu yang diusung pada proyek ini di antaranya Tanpamu Hidup Sendiri, Kisah Cinta Ini, Aku Dapat Lewati, Inilah Cinta, Sahabat Selamanya dan Bebaskan Diriku. Andika dan Indra terlibat dalam penggarapan semua lagu. Sedangkan Reza hanya mengisi drum untuk dua lagu; Tanpamu Hidup Sendiri, dan Bebaskan Diriku.  Lagu-lagu itu akan dimasukkan dalam album Neverland yang berjudul Transformasi. Pada tanggal 4 November 2006, Andika dan Indra memutuskan hengkang dari Peterpan ketika grup asal Bandung ini sedang berjaya. Mereka kemudian membentuk band baru, The Titans. Sedangkan Reza memilih melanjutkan karier bersama Ariel, Lukman, dan Uki di Peterpan sampai berganti nama NOAH pada tanggal 2 Agustus 2012. Reza pun akhirnya resmi keluar dari NOAH pada 1 Januari 2015 dengan alasan ingin memperdalam agama Islam."
